{"cameraMode":{"drawMode":0,"name":"Shaded","section":"Shading Mode"},"sceneLighting":false,"audioPlay":false,"sceneViewState":{"m_AlwaysRefresh":false,"showFog":true,"showSkybox":false,"showFlares":true,"showImageEffects":true,"showParticleSystems":true,"showVisualEffectGraphs":true,"m_FxEnabled":true},"in2DMode":false,"pivot":{"x":-0.8596478700637817,"y":2.335026979446411,"z":-7.7792277336120609},"rotation":{"x":0.14484001696109773,"y":0.2646540403366089,"z":-0.04024183750152588,"w":0.9525579810142517},"size":0.9183395504951477,"orthographic":false}